Sección,Tipo,DEF,DEL,Municipio ID,Municipio,Lista Nominal
1,Mixta,4,18,1,Aconchi,1570
2,Rural,4,18,1,Aconchi,790
3,Urbana,2,7,2,Agua Prieta,1257
4,Urbana,2,7,2,Agua Prieta,345
5,Urbana,2,7,2,Agua Prieta,613
6,Urbana,2,7,2,Agua Prieta,1220
7,Urbana,2,7,2,Agua Prieta,1354
8,Urbana,2,7,2,Agua Prieta,2583
9,Urbana,2,7,2,Agua Prieta,2625
10,Urbana,2,7,2,Agua Prieta,2409
11,Urbana,2,7,2,Agua Prieta,1319
12,Urbana,2,7,2,Agua Prieta,1131
13,Urbana,2,7,2,Agua Prieta,1052
14,Urbana,2,7,2,Agua Prieta,1682
15,Urbana,2,7,2,Agua Prieta,1051
16,Urbana,2,7,2,Agua Prieta,610
17,Mixta,2,7,2,Agua Prieta,5679
18,Urbana,2,7,2,Agua Prieta,1635
19,Urbana,2,7,2,Agua Prieta,2984
20,Urbana,2,7,2,Agua Prieta,4762
21,Urbana,2,7,2,Agua Prieta,1770
22,Urbana,2,7,2,Agua Prieta,6444
23,Mixta,2,7,2,Agua Prieta,3992
24,Urbana,2,7,2,Agua Prieta,7709
25,Urbana,2,7,2,Agua Prieta,2180
26,Urbana,2,7,2,Agua Prieta,4384
27,Rural,2,7,2,Agua Prieta,126
28,Rural,2,7,2,Agua Prieta,121
29,Rural,2,7,2,Agua Prieta,58
30,Rural,2,7,2,Agua Prieta,225
31,Urbana,2,7,2,Agua Prieta,3921
32,Urbana,2,7,2,Agua Prieta,313
34,Urbana,1,3,3,Altar,1289
35,Urbana,1,3,3,Altar,2211
37,Rural,1,3,3,Altar,257
38,Mixta,4,18,4,Arivechi,759
39,Rural,4,18,4,Arivechi,214
40,Rural,4,18,4,Arivechi,103
41,Urbana,2,18,5,Arizpe,785
42,Mixta,2,18,5,Arizpe,1015
43,Rural,2,18,5,Arizpe,463
44,Rural,2,18,5,Arizpe,337
45,Rural,2,18,5,Arizpe,280
46,Mixta,1,3,6,Atil,708
47,Mixta,4,18,7,Bacadéhuachi,1021
48,Mixta,4,18,8,Bacanora,715
49,Rural,4,18,8,Bacanora,136
50,Rural,4,18,8,Bacanora,35
51,Rural,4,18,8,Bacanora,102
52,Mixta,4,18,9,Bacerac,1027
53,Rural,4,18,9,Bacerac,65
54,Mixta,2,7,10,Bacoachi,1103
55,Rural,2,7,10,Bacoachi,334
56,Mixta,4,18,11,Banámichi,1034
57,Urbana,4,18,11,Banámichi,504
58,Urbana,4,18,12,Baviácora,968
59,Mixta,4,18,12,Baviácora,869
60,Rural,4,18,12,Baviácora,325
61,Rural,4,18,12,Baviácora,137
62,Rural,4,18,12,Baviácora,271
63,Rural,4,18,12,Baviácora,751
64,Mixta,4,18,13,Bavispe,687
65,Rural,4,18,13,Bavispe,504
66,Mixta,4,18,14,Benjamín Hill,926
67,Urbana,4,18,14,Benjamín Hill,870
68,Urbana,4,18,14,Benjamín Hill,1069
69,Urbana,4,18,14,Benjamín Hill,778
70,Urbana,2,7,15,Cananea,1215
71,Urbana,2,7,15,Cananea,1338
72,Urbana,2,7,15,Cananea,1515
73,Urbana,2,7,15,Cananea,2452
74,Urbana,2,7,15,Cananea,1859
75,Urbana,2,7,15,Cananea,7413
76,Urbana,2,7,15,Cananea,874
77,Urbana,2,7,15,Cananea,822
78,Urbana,2,7,15,Cananea,888
79,Urbana,2,7,15,Cananea,778
80,Urbana,2,7,15,Cananea,725
81,Mixta,2,7,15,Cananea,664
82,Urbana,2,7,15,Cananea,1481
83,Urbana,2,7,15,Cananea,3141
84,Urbana,2,7,15,Cananea,1488
85,Urbana,2,7,15,Cananea,605
86,Rural,2,7,15,Cananea,311
87,Rural,2,7,15,Cananea,205
88,Rural,2,7,15,Cananea,533
89,Mixta,2,18,16,Cucurpe,841
90,Rural,2,18,16,Cucurpe,96
91,Rural,2,18,16,Cucurpe,40
92,Mixta,4,18,17,Cumpas,522
93,Urbana,4,18,17,Cumpas,922
94,Urbana,4,18,17,Cumpas,1226
95,Rural,4,18,17,Cumpas,141
96,Mixta,4,18,17,Cumpas,887
97,Rural,4,18,17,Cumpas,580
98,Rural,4,18,17,Cumpas,367
99,Rural,4,18,17,Cumpas,474
100,Mixta,4,18,18,Divisaderos,923
101,Mixta,2,7,19,Fronteras,975
102,Rural,2,7,19,Fronteras,189
103,Mixta,2,7,19,Fronteras,2020
104,Urbana,2,7,19,Fronteras,1552
105,Urbana,2,7,19,Fronteras,1609
106,Mixta,4,18,20,Granados,1057
107,Mixta,4,18,21,Huachinera,694
108,Rural,4,18,21,Huachinera,283
109,Mixta,4,18,22,Huásabas,1287
110,Mixta,4,18,23,Huépac,1067
111,Rural,4,18,23,Huépac,279
112,Urbana,2,18,24,Imuris,1716
113,Urbana,2,18,24,Imuris,2860
114,Urbana,2,18,24,Imuris,676
115,Mixta,2,18,24,Imuris,1692
116,Mixta,2,18,24,Imuris,1693
117,Rural,2,18,24,Imuris,269
120,Rural,2,18,24,Imuris,11
121,Rural,2,18,24,Imuris,333
122,Rural,2,18,24,Imuris,399
123,Urbana,2,4,25,Magdalena,2179
124,Urbana,2,4,25,Magdalena,920
125,Urbana,2,4,25,Magdalena,1335
126,Urbana,2,4,25,Magdalena,3034
127,Urbana,2,4,25,Magdalena,1012
128,Urbana,2,4,25,Magdalena,1492
129,Urbana,2,4,25,Magdalena,1903
130,Urbana,2,4,25,Magdalena,2973
131,Urbana,2,4,25,Magdalena,2949
132,Urbana,2,4,25,Magdalena,1933
133,Urbana,2,4,25,Magdalena,1900
134,Rural,2,4,25,Magdalena,385
135,Rural,2,4,25,Magdalena,288
136,Rural,2,4,25,Magdalena,1686
137,Rural,2,4,25,Magdalena,211
138,Urbana,4,18,26,Moctezuma,1946
139,Urbana,4,18,26,Moctezuma,938
140,Mixta,4,18,26,Moctezuma,1248
141,Rural,4,18,26,Moctezuma,112
142,Urbana,2,7,27,Naco,708
143,Urbana,2,7,27,Naco,657
144,Urbana,2,7,27,Naco,1269
145,Mixta,2,7,27,Naco,1856
146,Mixta,4,18,28,Nácori Chico,1048
147,Rural,4,18,28,Nácori Chico,339
148,Rural,4,18,28,Nácori Chico,49
149,Urbana,4,18,29,Nacozari de García,1096
150,Mixta,4,18,29,Nacozari de García,846
151,Urbana,4,18,29,Nacozari de García,1388
152,Urbana,4,18,29,Nacozari de García,879
153,Urbana,4,18,29,Nacozari de García,806
154,Urbana,4,18,29,Nacozari de García,1072
155,Urbana,4,18,29,Nacozari de García,696
156,Urbana,4,18,29,Nacozari de García,2437
157,Rural,4,18,29,Nacozari de García,394
158,Rural,4,18,29,Nacozari de García,150
159,Urbana,2,5,30,Nogales,1028
160,Urbana,2,5,30,Nogales,424
161,Urbana,2,5,30,Nogales,765
162,Urbana,2,5,30,Nogales,1660
163,Urbana,2,5,30,Nogales,1766
164,Urbana,2,5,30,Nogales,1914
165,Urbana,2,5,30,Nogales,1174
166,Urbana,2,5,30,Nogales,880
167,Urbana,2,5,30,Nogales,820
168,Urbana,2,5,30,Nogales,572
169,Urbana,2,5,30,Nogales,590
170,Urbana,2,5,30,Nogales,915
171,Urbana,2,5,30,Nogales,1777
172,Urbana,2,5,30,Nogales,997
173,Urbana,2,5,30,Nogales,700
174,Urbana,2,5,30,Nogales,921
175,Urbana,2,5,30,Nogales,1583
176,Urbana,2,5,30,Nogales,790
177,Urbana,2,5,30,Nogales,431
178,Urbana,2,5,30,Nogales,1116
179,Urbana,2,5,30,Nogales,1296
180,Urbana,2,5,30,Nogales,2204
181,Urbana,2,5,30,Nogales,728
182,Urbana,2,5,30,Nogales,1139
183,Urbana,2,5,30,Nogales,894
184,Urbana,2,5,30,Nogales,1201
185,Urbana,2,5,30,Nogales,1976
186,Urbana,2,5,30,Nogales,764
187,Urbana,2,5,30,Nogales,2389
188,Urbana,2,5,30,Nogales,1488
189,Urbana,2,5,30,Nogales,997
190,Urbana,2,5,30,Nogales,610
191,Urbana,2,5,30,Nogales,1153
192,Urbana,2,5,30,Nogales,2609
193,Urbana,2,5,30,Nogales,1808
194,Urbana,2,5,30,Nogales,1858
195,Urbana,2,5,30,Nogales,1019
196,Urbana,2,5,30,Nogales,1006
197,Urbana,2,5,30,Nogales,341
198,Urbana,2,5,30,Nogales,1132
199,Urbana,2,5,30,Nogales,2010
200,Urbana,2,5,30,Nogales,1230
201,Urbana,2,5,30,Nogales,1446
202,Urbana,2,5,30,Nogales,1241
203,Urbana,2,5,30,Nogales,631
204,Urbana,2,5,30,Nogales,1289
205,Urbana,2,5,30,Nogales,4043
206,Urbana,2,5,30,Nogales,3802
207,Urbana,2,5,30,Nogales,2635
208,Urbana,2,5,30,Nogales,1239
209,Urbana,2,5,30,Nogales,1463
210,Urbana,2,5,30,Nogales,1833
211,Urbana,2,5,30,Nogales,1460
212,Urbana,2,5,30,Nogales,1307
213,Urbana,2,5,30,Nogales,1063
214,Urbana,2,5,30,Nogales,9006
215,Urbana,2,4,30,Nogales,2328
216,Urbana,2,4,30,Nogales,3741
217,Urbana,2,4,30,Nogales,13266
218,Urbana,2,5,30,Nogales,1824
219,Urbana,2,5,30,Nogales,1158
220,Urbana,2,5,30,Nogales,2552
221,Urbana,2,5,30,Nogales,7280
222,Urbana,2,4,30,Nogales,4761
223,Urbana,2,4,30,Nogales,9995
225,Urbana,2,4,30,Nogales,1475
226,Urbana,2,4,30,Nogales,1755
228,Rural,2,4,30,Nogales,593
229,Rural,2,4,30,Nogales,1205
230,Rural,2,4,30,Nogales,68
231,Urbana,2,5,30,Nogales,1719
232,Mixta,1,3,31,Oquitoa,412
233,Mixta,4,18,32,Sahuaripa,1473
234,Urbana,4,18,32,Sahuaripa,638
235,Urbana,4,18,32,Sahuaripa,1190
236,Rural,4,18,32,Sahuaripa,150
238,Rural,4,18,32,Sahuaripa,109
239,Rural,4,18,32,Sahuaripa,121
240,Rural,4,18,32,Sahuaripa,230
241,Rural,4,18,32,Sahuaripa,59
243,Rural,4,18,32,Sahuaripa,79
244,Rural,4,18,32,Sahuaripa,97
245,Rural,4,18,32,Sahuaripa,92
246,Rural,4,18,32,Sahuaripa,147
247,Mixta,4,18,33,San Felipe de Jesús,517
248,Mixta,4,18,34,San Javier,576
249,Mixta,4,18,35,San Pedro de la Cueva,1365
250,Rural,4,18,35,San Pedro de la Cueva,78
251,Rural,4,18,35,San Pedro de la Cueva,392
252,Urbana,4,18,36,Santa Ana,659
253,Urbana,4,18,36,Santa Ana,971
254,Urbana,4,18,36,Santa Ana,1159
255,Mixta,4,18,36,Santa Ana,3043
256,Urbana,4,18,36,Santa Ana,1038
257,Urbana,4,18,36,Santa Ana,1281
258,Rural,4,18,36,Santa Ana,189
259,Rural,4,18,36,Santa Ana,420
260,Rural,4,18,36,Santa Ana,675
261,Rural,4,18,36,Santa Ana,938
262,Rural,4,18,36,Santa Ana,850
263,Urbana,4,18,36,Santa Ana,1002
264,Mixta,2,4,37,Santa Cruz,1395
265,Mixta,1,3,38,Sáric,998
266,Rural,1,3,38,Sáric,748
267,Mixta,4,18,39,Soyopa,373
268,Rural,4,18,39,Soyopa,337
269,Rural,4,18,39,Soyopa,251
270,Rural,4,18,39,Soyopa,330
271,Rural,4,18,39,Soyopa,64
272,Rural,4,18,39,Soyopa,348
273,Mixta,4,18,40,Suaqui Grande,1339
274,Urbana,4,18,41,Tepache,570
275,Urbana,4,18,41,Tepache,588
276,Rural,4,18,41,Tepache,60
278,Mixta,1,3,42,Trincheras,1094
279,Rural,1,3,42,Trincheras,237
280,Rural,1,3,42,Trincheras,31
281,Mixta,1,3,43,Tubutama,341
282,Rural,1,3,43,Tubutama,52
283,Rural,1,3,43,Tubutama,109
284,Rural,1,3,43,Tubutama,118
285,Rural,1,3,43,Tubutama,718
286,Mixta,4,18,44,Villa Hidalgo,544
287,Urbana,4,18,44,Villa Hidalgo,762
288,Rural,4,18,44,Villa Hidalgo,242
289,Mixta,4,18,45,Villa Pesqueira,985
290,Rural,4,18,45,Villa Pesqueira,355
291,Rural,4,18,45,Villa Pesqueira,288
292,Urbana,1,3,46,Caborca,1739
293,Urbana,1,3,46,Caborca,2207
294,Urbana,1,3,46,Caborca,1681
295,Urbana,1,3,46,Caborca,5058
296,Urbana,1,3,46,Caborca,3399
297,Urbana,1,3,46,Caborca,5424
298,Urbana,1,3,46,Caborca,2186
299,Urbana,1,3,46,Caborca,990
300,Urbana,1,3,46,Caborca,599
301,Urbana,1,3,46,Caborca,790
302,Urbana,1,3,46,Caborca,949
303,Urbana,1,3,46,Caborca,905
304,Urbana,1,3,46,Caborca,2730
305,Urbana,1,3,46,Caborca,1337
306,Urbana,1,3,46,Caborca,1917
307,Urbana,1,3,46,Caborca,637
308,Urbana,1,3,46,Caborca,2026
309,Urbana,1,3,46,Caborca,761
310,Urbana,1,3,46,Caborca,1315
311,Mixta,1,3,46,Caborca,2111
312,Urbana,1,3,46,Caborca,1187
313,Urbana,1,3,46,Caborca,1352
314,Urbana,1,3,46,Caborca,2227
315,Urbana,1,3,46,Caborca,715
316,Urbana,1,3,46,Caborca,3867
317,Urbana,1,3,46,Caborca,1390
319,Rural,1,3,46,Caborca,4324
320,Rural,1,3,46,Caborca,1997
321,Rural,1,3,46,Caborca,760
322,Rural,1,3,46,Caborca,1133
323,Rural,1,3,46,Caborca,842
324,Rural,1,3,46,Caborca,1229
325,Rural,1,3,46,Caborca,400
326,Rural,1,3,46,Caborca,1403
327,Mixta,1,3,46,Caborca,894
328,Rural,1,3,46,Caborca,434
329,Mixta,4,18,47,Carbó,2523
330,Mixta,4,18,47,Carbó,1022
331,Mixta,4,18,48,La Colorada,598
332,Rural,4,18,48,La Colorada,863
333,Rural,4,18,48,La Colorada,270
334,Rural,4,18,48,La Colorada,480
335,Rural,4,18,48,La Colorada,192
336,Urbana,3,8,49,Hermosillo,6518
337,Urbana,3,10,49,Hermosillo,3677
338,Urbana,3,10,49,Hermosillo,5517
339,Urbana,3,10,49,Hermosillo,3218
340,Urbana,3,10,49,Hermosillo,8571
341,Urbana,5,10,49,Hermosillo,16123
342,Urbana,3,10,49,Hermosillo,4693
343,Urbana,3,10,49,Hermosillo,5142
344,Urbana,5,10,49,Hermosillo,6560
345,Urbana,3,10,49,Hermosillo,3081
346,Urbana,3,10,49,Hermosillo,1015
347,Urbana,3,10,49,Hermosillo,2140
348,Urbana,3,10,49,Hermosillo,1197
349,Urbana,3,10,49,Hermosillo,948
350,Urbana,3,10,49,Hermosillo,2138
351,Urbana,3,8,49,Hermosillo,2306
353,Urbana,3,8,49,Hermosillo,1028
354,Urbana,3,10,49,Hermosillo,1224
355,Urbana,3,10,49,Hermosillo,1248
356,Urbana,3,10,49,Hermosillo,1155
357,Urbana,3,10,49,Hermosillo,1610
358,Urbana,3,10,49,Hermosillo,1536
359,Urbana,3,10,49,Hermosillo,4321
360,Urbana,3,10,49,Hermosillo,1910
361,Urbana,3,10,49,Hermosillo,961
362,Urbana,3,10,49,Hermosillo,1404
363,Urbana,3,10,49,Hermosillo,678
364,Urbana,3,10,49,Hermosillo,1190
365,Urbana,3,10,49,Hermosillo,1550
366,Urbana,3,8,49,Hermosillo,1405
367,Urbana,3,8,49,Hermosillo,1942
368,Urbana,3,10,49,Hermosillo,837
369,Urbana,3,10,49,Hermosillo,1305
370,Urbana,3,10,49,Hermosillo,1295
371,Urbana,3,10,49,Hermosillo,957
372,Urbana,3,10,49,Hermosillo,1130
373,Urbana,3,10,49,Hermosillo,1422
374,Urbana,3,8,49,Hermosillo,10014
375,Urbana,3,8,49,Hermosillo,2526
376,Urbana,3,9,49,Hermosillo,2327
377,Urbana,3,9,49,Hermosillo,1308
378,Urbana,3,10,49,Hermosillo,1328
379,Urbana,3,10,49,Hermosillo,1255
380,Urbana,3,10,49,Hermosillo,1371
381,Urbana,3,10,49,Hermosillo,1096
382,Urbana,3,10,49,Hermosillo,1389
383,Urbana,3,10,49,Hermosillo,675
384,Urbana,3,8,49,Hermosillo,1802
385,Urbana,3,9,49,Hermosillo,1373
386,Urbana,3,9,49,Hermosillo,1562
387,Urbana,3,9,49,Hermosillo,1804
388,Urbana,3,9,49,Hermosillo,938
389,Urbana,3,10,49,Hermosillo,1157
390,Urbana,3,10,49,Hermosillo,1728
391,Urbana,5,12,49,Hermosillo,479
392,Urbana,3,9,49,Hermosillo,1642
393,Urbana,3,9,49,Hermosillo,1831
394,Urbana,3,9,49,Hermosillo,1468
395,Urbana,3,9,49,Hermosillo,870
396,Urbana,3,9,49,Hermosillo,1172
397,Urbana,3,9,49,Hermosillo,1243
398,Urbana,3,9,49,Hermosillo,1286
399,Urbana,3,9,49,Hermosillo,1107
400,Urbana,3,8,49,Hermosillo,2020
401,Urbana,3,9,49,Hermosillo,2060
402,Urbana,3,9,49,Hermosillo,2732
403,Urbana,3,9,49,Hermosillo,1436
404,Urbana,3,9,49,Hermosillo,1336
405,Urbana,3,9,49,Hermosillo,815
406,Urbana,3,9,49,Hermosillo,1031
407,Urbana,3,9,49,Hermosillo,934
408,Urbana,3,9,49,Hermosillo,1025
409,Urbana,3,9,49,Hermosillo,1274
410,Urbana,3,9,49,Hermosillo,1420
411,Urbana,3,9,49,Hermosillo,1287
412,Urbana,5,9,49,Hermosillo,870
413,Urbana,5,12,49,Hermosillo,2262
414,Urbana,5,12,49,Hermosillo,1736
415,Urbana,5,12,49,Hermosillo,4165
416,Urbana,5,12,49,Hermosillo,1059
417,Urbana,5,12,49,Hermosillo,829
418,Urbana,5,12,49,Hermosillo,1167
419,Urbana,5,9,49,Hermosillo,1080
420,Urbana,3,9,49,Hermosillo,1070
421,Urbana,3,9,49,Hermosillo,1074
422,Urbana,3,9,49,Hermosillo,609
423,Urbana,3,9,49,Hermosillo,927
424,Urbana,3,9,49,Hermosillo,1146
425,Urbana,3,9,49,Hermosillo,1412
426,Urbana,3,9,49,Hermosillo,1221
427,Urbana,3,9,49,Hermosillo,1750
428,Urbana,3,9,49,Hermosillo,2520
429,Urbana,3,9,49,Hermosillo,2063
430,Urbana,3,9,49,Hermosillo,1967
431,Urbana,3,9,49,Hermosillo,1942
432,Urbana,3,9,49,Hermosillo,821
433,Urbana,3,9,49,Hermosillo,1241
434,Urbana,3,9,49,Hermosillo,1268
435,Urbana,3,9,49,Hermosillo,754
436,Urbana,3,9,49,Hermosillo,637
437,Urbana,3,9,49,Hermosillo,677
438,Urbana,3,9,49,Hermosillo,1144
439,Urbana,5,12,49,Hermosillo,1414
440,Urbana,5,9,49,Hermosillo,903
441,Urbana,5,9,49,Hermosillo,807
442,Urbana,5,9,49,Hermosillo,1044
443,Urbana,5,9,49,Hermosillo,958
444,Urbana,3,9,49,Hermosillo,1082
445,Urbana,3,9,49,Hermosillo,620
446,Urbana,3,9,49,Hermosillo,658
447,Urbana,3,9,49,Hermosillo,861
448,Urbana,3,9,49,Hermosillo,3422
449,Urbana,3,9,49,Hermosillo,3809
450,Urbana,5,9,49,Hermosillo,1107
451,Urbana,5,9,49,Hermosillo,1187
452,Urbana,5,9,49,Hermosillo,1263
453,Urbana,5,9,49,Hermosillo,693
454,Urbana,3,9,49,Hermosillo,946
455,Urbana,5,9,49,Hermosillo,541
456,Urbana,5,12,49,Hermosillo,1380
457,Urbana,5,12,49,Hermosillo,523
458,Urbana,5,9,49,Hermosillo,661
459,Urbana,5,9,49,Hermosillo,873
460,Urbana,5,9,49,Hermosillo,884
461,Urbana,5,9,49,Hermosillo,822
462,Urbana,5,9,49,Hermosillo,666
463,Urbana,5,9,49,Hermosillo,1215
464,Urbana,5,9,49,Hermosillo,951
465,Urbana,5,9,49,Hermosillo,1236
466,Urbana,5,9,49,Hermosillo,570
467,Urbana,5,9,49,Hermosillo,742
468,Urbana,5,9,49,Hermosillo,1141
469,Urbana,5,9,49,Hermosillo,414
470,Urbana,5,9,49,Hermosillo,532
471,Urbana,5,9,49,Hermosillo,1178
472,Urbana,5,9,49,Hermosillo,1051
473,Urbana,5,9,49,Hermosillo,1317
474,Urbana,5,9,49,Hermosillo,4086
475,Urbana,5,9,49,Hermosillo,987
476,Urbana,5,9,49,Hermosillo,993
477,Urbana,5,9,49,Hermosillo,884
478,Urbana,5,9,49,Hermosillo,619
479,Urbana,5,9,49,Hermosillo,484
480,Urbana,5,9,49,Hermosillo,484
481,Urbana,5,12,49,Hermosillo,627
482,Urbana,5,12,49,Hermosillo,791
483,Urbana,5,12,49,Hermosillo,619
484,Urbana,5,12,49,Hermosillo,1499
485,Urbana,5,12,49,Hermosillo,1073
486,Urbana,5,12,49,Hermosillo,1372
487,Urbana,5,12,49,Hermosillo,1222
488,Urbana,5,12,49,Hermosillo,963
489,Urbana,5,12,49,Hermosillo,684
490,Urbana,5,12,49,Hermosillo,1135
491,Urbana,5,12,49,Hermosillo,721
492,Urbana,5,12,49,Hermosillo,665
493,Urbana,5,9,49,Hermosillo,626
494,Urbana,5,12,49,Hermosillo,622
495,Urbana,5,12,49,Hermosillo,978
496,Urbana,5,12,49,Hermosillo,1401
497,Urbana,5,12,49,Hermosillo,391
498,Urbana,5,12,49,Hermosillo,1509
499,Urbana,5,6,49,Hermosillo,1685
500,Urbana,5,6,49,Hermosillo,837
501,Urbana,5,6,49,Hermosillo,1759
502,Urbana,5,6,49,Hermosillo,845
503,Urbana,5,6,49,Hermosillo,1110
504,Urbana,5,6,49,Hermosillo,1099
505,Urbana,5,6,49,Hermosillo,1228
506,Urbana,5,6,49,Hermosillo,1116
507,Urbana,5,12,49,Hermosillo,429
508,Urbana,5,12,49,Hermosillo,1214
509,Urbana,5,12,49,Hermosillo,1729
510,Urbana,5,12,49,Hermosillo,870
511,Urbana,5,12,49,Hermosillo,743
512,Urbana,5,12,49,Hermosillo,1330
513,Urbana,5,12,49,Hermosillo,1039
514,Urbana,5,12,49,Hermosillo,1945
515,Urbana,5,12,49,Hermosillo,287
516,Urbana,5,12,49,Hermosillo,386
517,Urbana,5,6,49,Hermosillo,808
518,Urbana,5,6,49,Hermosillo,686
519,Urbana,5,6,49,Hermosillo,719
520,Urbana,5,6,49,Hermosillo,849
521,Urbana,5,6,49,Hermosillo,718
522,Urbana,5,6,49,Hermosillo,1030
523,Urbana,5,6,49,Hermosillo,506
524,Urbana,5,6,49,Hermosillo,4473
525,Urbana,5,6,49,Hermosillo,896
526,Urbana,5,6,49,Hermosillo,573
527,Urbana,5,6,49,Hermosillo,800
528,Urbana,5,6,49,Hermosillo,901
529,Urbana,5,12,49,Hermosillo,998
530,Urbana,5,12,49,Hermosillo,667
531,Urbana,5,6,49,Hermosillo,998
532,Urbana,5,6,49,Hermosillo,15193
533,Mixta,5,6,49,Hermosillo,7543
534,Urbana,5,6,49,Hermosillo,1249
535,Urbana,5,6,49,Hermosillo,845
536,Urbana,5,6,49,Hermosillo,1772
537,Urbana,5,6,49,Hermosillo,2201
538,Urbana,5,6,49,Hermosillo,1297
539,Urbana,5,6,49,Hermosillo,1116
540,Urbana,5,6,49,Hermosillo,612
541,Urbana,5,12,49,Hermosillo,1302
542,Urbana,5,6,49,Hermosillo,646
543,Urbana,5,6,49,Hermosillo,970
544,Urbana,5,6,49,Hermosillo,1611
545,Urbana,5,6,49,Hermosillo,1138
546,Urbana,5,6,49,Hermosillo,662
547,Urbana,5,12,49,Hermosillo,709
548,Urbana,5,12,49,Hermosillo,900
549,Urbana,5,6,49,Hermosillo,743
550,Urbana,5,6,49,Hermosillo,782
551,Urbana,5,6,49,Hermosillo,837
552,Urbana,5,6,49,Hermosillo,930
553,Urbana,5,6,49,Hermosillo,788
554,Urbana,5,6,49,Hermosillo,2185
555,Urbana,5,6,49,Hermosillo,1279
556,Urbana,5,6,49,Hermosillo,1252
557,Urbana,5,6,49,Hermosillo,769
558,Urbana,5,12,49,Hermosillo,4826
559,Urbana,5,6,49,Hermosillo,1328
560,Urbana,5,6,49,Hermosillo,904
561,Urbana,5,6,49,Hermosillo,855
562,Urbana,5,6,49,Hermosillo,1255
563,Urbana,5,12,49,Hermosillo,877
564,Urbana,5,12,49,Hermosillo,9759
565,Urbana,5,12,49,Hermosillo,2078
566,Urbana,5,6,49,Hermosillo,823
567,Urbana,5,6,49,Hermosillo,1388
568,Urbana,5,6,49,Hermosillo,2277
569,Urbana,5,6,49,Hermosillo,8433
570,Urbana,5,6,49,Hermosillo,1914
571,Urbana,5,11,49,Hermosillo,12214
572,Urbana,5,6,49,Hermosillo,922
573,Urbana,5,11,49,Hermosillo,772
574,Urbana,5,11,49,Hermosillo,964
575,Urbana,5,11,49,Hermosillo,1564
576,Urbana,5,11,49,Hermosillo,967
577,Mixta,5,11,49,Hermosillo,2821
578,Urbana,5,11,49,Hermosillo,810
579,Urbana,5,11,49,Hermosillo,1354
581,Urbana,5,12,49,Hermosillo,1492
582,Urbana,5,12,49,Hermosillo,1439
584,Urbana,5,12,49,Hermosillo,1907
586,Rural,5,12,49,Hermosillo,1388
587,Rural,5,12,49,Hermosillo,1282
588,Rural,5,11,49,Hermosillo,292
589,Mixta,5,12,49,Hermosillo,3873
590,Mixta,3,11,49,Hermosillo,6787
591,Rural,3,11,49,Hermosillo,252
592,Rural,5,12,49,Hermosillo,4010
593,Rural,5,12,49,Hermosillo,937
597,Rural,3,11,49,Hermosillo,274
598,Urbana,3,11,49,Hermosillo,3682
599,Mixta,3,11,49,Hermosillo,769
600,Rural,3,11,49,Hermosillo,575
601,Urbana,3,11,49,Hermosillo,10957
602,Urbana,3,11,49,Hermosillo,1670
603,Urbana,3,11,49,Hermosillo,2257
604,Mixta,3,11,49,Hermosillo,2650
605,Urbana,3,11,49,Hermosillo,4789
606,Rural,5,11,49,Hermosillo,669
608,Rural,3,11,49,Hermosillo,113
609,Rural,5,11,49,Hermosillo,481
610,Rural,5,11,49,Hermosillo,117
611,Rural,5,11,49,Hermosillo,196
612,Rural,5,11,49,Hermosillo,99
613,Rural,5,11,49,Hermosillo,53
614,Rural,5,11,49,Hermosillo,329
615,Rural,5,11,49,Hermosillo,546
616,Rural,3,11,49,Hermosillo,613
618,Mixta,3,11,49,Hermosillo,500
619,Mixta,4,18,50,Mazatán,1349
620,Mixta,4,18,51,Opodepe,336
621,Urbana,4,18,51,Opodepe,1073
622,Mixta,4,18,51,Opodepe,324
623,Rural,4,18,51,Opodepe,121
624,Rural,4,18,51,Opodepe,151
625,Mixta,1,3,52,Pitiquito,1856
626,Urbana,1,3,52,Pitiquito,946
629,Rural,1,3,52,Pitiquito,1390
630,Rural,1,3,52,Pitiquito,253
631,Urbana,1,2,53,Puerto Peñasco,3287
632,Urbana,1,2,53,Puerto Peñasco,3951
633,Urbana,1,2,53,Puerto Peñasco,1134
634,Urbana,1,2,53,Puerto Peñasco,5307
635,Urbana,1,2,53,Puerto Peñasco,1169
636,Urbana,1,2,53,Puerto Peñasco,1499
637,Urbana,1,2,53,Puerto Peñasco,1176
638,Urbana,1,2,53,Puerto Peñasco,13982
639,Urbana,1,2,53,Puerto Peñasco,1002
640,Urbana,1,2,53,Puerto Peñasco,1050
641,Urbana,1,2,53,Puerto Peñasco,1053
642,Urbana,1,2,53,Puerto Peñasco,1283
643,Urbana,1,2,53,Puerto Peñasco,1465
644,Urbana,1,2,53,Puerto Peñasco,4068
645,Urbana,1,2,53,Puerto Peñasco,1320
646,Urbana,1,2,53,Puerto Peñasco,1469
647,Urbana,1,2,53,Puerto Peñasco,271
648,Mixta,1,2,53,Puerto Peñasco,1791
649,Mixta,4,18,54,Rayón,620
650,Mixta,4,18,54,Rayón,1061
651,Rural,4,18,54,Rayón,86
652,Urbana,1,1,55,San Luis Río Colorado,802
653,Urbana,1,1,55,San Luis Río Colorado,176
654,Urbana,1,1,55,San Luis Río Colorado,279
655,Urbana,1,1,55,San Luis Río Colorado,481
656,Urbana,1,1,55,San Luis Río Colorado,747
657,Urbana,1,1,55,San Luis Río Colorado,808
658,Urbana,1,1,55,San Luis Río Colorado,767
659,Urbana,1,1,55,San Luis Río Colorado,754
660,Urbana,1,1,55,San Luis Río Colorado,1013
661,Mixta,1,2,55,San Luis Río Colorado,10535
662,Urbana,1,1,55,San Luis Río Colorado,560
663,Urbana,1,1,55,San Luis Río Colorado,207
664,Urbana,1,1,55,San Luis Río Colorado,761
665,Urbana,1,1,55,San Luis Río Colorado,650
666,Urbana,1,1,55,San Luis Río Colorado,1145
667,Urbana,1,1,55,San Luis Río Colorado,1159
668,Urbana,1,1,55,San Luis Río Colorado,1436
669,Urbana,1,1,55,San Luis Río Colorado,1554
670,Urbana,1,1,55,San Luis Río Colorado,4147
671,Urbana,1,1,55,San Luis Río Colorado,384
672,Urbana,1,1,55,San Luis Río Colorado,593
673,Urbana,1,1,55,San Luis Río Colorado,773
674,Urbana,1,1,55,San Luis Río Colorado,514
675,Urbana,1,1,55,San Luis Río Colorado,533
676,Urbana,1,1,55,San Luis Río Colorado,844
677,Urbana,1,1,55,San Luis Río Colorado,1203
678,Urbana,1,1,55,San Luis Río Colorado,1135
679,Urbana,1,1,55,San Luis Río Colorado,1050
680,Urbana,1,1,55,San Luis Río Colorado,1682
681,Urbana,1,1,55,San Luis Río Colorado,2793
682,Urbana,1,1,55,San Luis Río Colorado,447
683,Urbana,1,1,55,San Luis Río Colorado,932
684,Urbana,1,1,55,San Luis Río Colorado,838
685,Urbana,1,1,55,San Luis Río Colorado,1182
686,Urbana,1,1,55,San Luis Río Colorado,565
687,Urbana,1,1,55,San Luis Río Colorado,819
688,Urbana,1,1,55,San Luis Río Colorado,933
689,Urbana,1,1,55,San Luis Río Colorado,723
690,Urbana,1,1,55,San Luis Río Colorado,1042
691,Urbana,1,1,55,San Luis Río Colorado,650
692,Urbana,1,1,55,San Luis Río Colorado,910
693,Urbana,1,1,55,San Luis Río Colorado,785
694,Urbana,1,1,55,San Luis Río Colorado,1064
695,Urbana,1,1,55,San Luis Río Colorado,1011
696,Urbana,1,1,55,San Luis Río Colorado,2241
697,Urbana,1,1,55,San Luis Río Colorado,982
698,Urbana,1,1,55,San Luis Río Colorado,876
699,Urbana,1,1,55,San Luis Río Colorado,716
700,Urbana,1,1,55,San Luis Río Colorado,869
701,Urbana,1,1,55,San Luis Río Colorado,2506
702,Urbana,1,1,55,San Luis Río Colorado,1182
703,Urbana,1,1,55,San Luis Río Colorado,1579
704,Urbana,1,1,55,San Luis Río Colorado,1647
705,Urbana,1,1,55,San Luis Río Colorado,1595
706,Urbana,1,1,55,San Luis Río Colorado,1721
707,Urbana,1,1,55,San Luis Río Colorado,1228
708,Urbana,1,1,55,San Luis Río Colorado,1003
709,Urbana,1,1,55,San Luis Río Colorado,1179
710,Urbana,1,1,55,San Luis Río Colorado,4012
711,Urbana,1,1,55,San Luis Río Colorado,3044
712,Urbana,1,1,55,San Luis Río Colorado,697
713,Urbana,1,1,55,San Luis Río Colorado,1484
714,Urbana,1,1,55,San Luis Río Colorado,1398
715,Urbana,1,1,55,San Luis Río Colorado,1109
716,Urbana,1,1,55,San Luis Río Colorado,886
717,Urbana,1,1,55,San Luis Río Colorado,805
718,Urbana,1,1,55,San Luis Río Colorado,1668
719,Urbana,1,1,55,San Luis Río Colorado,2848
720,Urbana,1,1,55,San Luis Río Colorado,894
721,Urbana,1,1,55,San Luis Río Colorado,2674
722,Urbana,1,1,55,San Luis Río Colorado,1515
723,Urbana,1,1,55,San Luis Río Colorado,4031
724,Urbana,1,1,55,San Luis Río Colorado,5697
725,Urbana,1,1,55,San Luis Río Colorado,1223
726,Urbana,1,1,55,San Luis Río Colorado,1190
727,Urbana,1,1,55,San Luis Río Colorado,1335
728,Urbana,1,1,55,San Luis Río Colorado,2296
729,Urbana,1,2,55,San Luis Río Colorado,12261
730,Urbana,1,2,55,San Luis Río Colorado,10977
731,Urbana,1,2,55,San Luis Río Colorado,1887
732,Urbana,1,2,55,San Luis Río Colorado,1934
733,Mixta,1,2,55,San Luis Río Colorado,689
734,Rural,1,1,55,San Luis Río Colorado,437
735,Rural,1,1,55,San Luis Río Colorado,239
736,Rural,1,1,55,San Luis Río Colorado,272
737,Rural,1,2,55,San Luis Río Colorado,4796
738,Rural,1,2,55,San Luis Río Colorado,1516
739,Rural,1,2,55,San Luis Río Colorado,259
740,Rural,1,2,55,San Luis Río Colorado,1818
741,Rural,1,2,55,San Luis Río Colorado,2020
742,Mixta,1,2,55,San Luis Río Colorado,3421
743,Mixta,4,18,56,San Miguel de Horcasitas,487
744,Rural,4,18,56,San Miguel de Horcasitas,217
745,Rural,4,18,56,San Miguel de Horcasitas,319
746,Mixta,4,18,56,San Miguel de Horcasitas,4745
747,Mixta,4,18,57,Ures,1560
748,Mixta,4,18,57,Ures,1388
749,Urbana,4,18,57,Ures,1168
750,Rural,4,18,57,Ures,1447
751,Rural,4,18,57,Ures,172
752,Rural,4,18,57,Ures,297
753,Rural,4,18,57,Ures,1286
754,Rural,4,18,57,Ures,566
755,Rural,4,18,57,Ures,403
756,Rural,4,18,57,Ures,713
757,Rural,4,18,57,Ures,329
758,Rural,4,18,57,Ures,114
759,Rural,4,18,57,Ures,156
760,Urbana,4,14,58,Bácum,1558
761,Urbana,4,14,58,Bácum,1932
762,Rural,4,14,58,Bácum,1741
763,Rural,4,14,58,Bácum,375
764,Rural,4,14,58,Bácum,653
765,Mixta,4,14,58,Bácum,2161
766,Urbana,4,14,58,Bácum,1416
767,Urbana,4,14,58,Bácum,1398
768,Mixta,4,14,58,Bácum,2120
769,Urbana,4,14,58,Bácum,1182
770,Mixta,4,14,58,Bácum,659
771,Urbana,4,14,58,Bácum,1348
772,Rural,4,14,58,Bácum,742
773,Urbana,6,16,59,Cajeme,1790
774,Urbana,6,16,59,Cajeme,574
775,Urbana,6,16,59,Cajeme,974
776,Urbana,6,16,59,Cajeme,1308
777,Urbana,6,16,59,Cajeme,1835
778,Urbana,6,16,59,Cajeme,1066
779,Urbana,6,16,59,Cajeme,1103
780,Urbana,6,16,59,Cajeme,5630
781,Urbana,6,16,59,Cajeme,823
782,Urbana,6,16,59,Cajeme,983
783,Urbana,6,16,59,Cajeme,1332
784,Urbana,6,16,59,Cajeme,850
785,Urbana,6,16,59,Cajeme,1255
786,Urbana,6,16,59,Cajeme,4351
787,Urbana,6,16,59,Cajeme,1084
788,Urbana,6,16,59,Cajeme,913
789,Urbana,6,16,59,Cajeme,1158
790,Urbana,6,17,59,Cajeme,1161
791,Urbana,6,17,59,Cajeme,652
792,Urbana,6,16,59,Cajeme,1022
793,Urbana,6,16,59,Cajeme,865
794,Urbana,6,16,59,Cajeme,4113
795,Urbana,6,16,59,Cajeme,1382
796,Urbana,6,17,59,Cajeme,1082
797,Urbana,6,17,59,Cajeme,672
798,Urbana,6,16,59,Cajeme,1025
799,Urbana,6,16,59,Cajeme,582
800,Urbana,6,16,59,Cajeme,672
801,Urbana,6,16,59,Cajeme,441
802,Urbana,6,16,59,Cajeme,727
803,Urbana,6,16,59,Cajeme,778
804,Urbana,6,16,59,Cajeme,855
805,Urbana,6,16,59,Cajeme,536
806,Urbana,6,17,59,Cajeme,1032
807,Urbana,6,17,59,Cajeme,11994
808,Mixta,6,15,59,Cajeme,18272
809,Urbana,6,16,59,Cajeme,685
810,Urbana,6,16,59,Cajeme,1094
811,Urbana,6,16,59,Cajeme,840
812,Urbana,6,16,59,Cajeme,1139
813,Urbana,6,16,59,Cajeme,637
814,Urbana,6,16,59,Cajeme,1074
815,Urbana,6,16,59,Cajeme,630
816,Urbana,6,16,59,Cajeme,590
817,Urbana,6,16,59,Cajeme,544
818,Urbana,6,16,59,Cajeme,306
819,Urbana,6,16,59,Cajeme,208
820,Urbana,6,15,59,Cajeme,681
821,Urbana,6,16,59,Cajeme,204
822,Urbana,6,16,59,Cajeme,2520
823,Urbana,6,17,59,Cajeme,784
824,Urbana,6,16,59,Cajeme,460
825,Urbana,6,16,59,Cajeme,339
826,Urbana,6,16,59,Cajeme,620
827,Urbana,6,16,59,Cajeme,556
828,Urbana,6,16,59,Cajeme,417
829,Urbana,6,16,59,Cajeme,189
830,Urbana,6,15,59,Cajeme,1885
831,Urbana,6,17,59,Cajeme,897
832,Urbana,6,16,59,Cajeme,652
833,Urbana,6,16,59,Cajeme,841
834,Urbana,6,16,59,Cajeme,453
835,Urbana,6,16,59,Cajeme,425
836,Urbana,6,15,59,Cajeme,339
837,Urbana,6,15,59,Cajeme,674
838,Urbana,6,15,59,Cajeme,829
839,Urbana,6,16,59,Cajeme,537
840,Urbana,6,16,59,Cajeme,323
841,Urbana,6,17,59,Cajeme,501
842,Urbana,6,17,59,Cajeme,1662
843,Urbana,6,17,59,Cajeme,1082
844,Urbana,6,16,59,Cajeme,1000
845,Urbana,6,16,59,Cajeme,763
846,Urbana,6,16,59,Cajeme,862
847,Urbana,6,16,59,Cajeme,618
848,Urbana,6,15,59,Cajeme,846
849,Urbana,6,15,59,Cajeme,1015
850,Urbana,6,15,59,Cajeme,539
851,Urbana,6,16,59,Cajeme,660
852,Urbana,6,16,59,Cajeme,646
853,Urbana,6,15,59,Cajeme,794
854,Urbana,6,15,59,Cajeme,679
855,Urbana,6,17,59,Cajeme,922
856,Urbana,6,17,59,Cajeme,958
857,Urbana,6,17,59,Cajeme,5391
858,Urbana,6,17,59,Cajeme,3315
859,Urbana,6,15,59,Cajeme,714
860,Urbana,6,17,59,Cajeme,594
861,Urbana,6,15,59,Cajeme,982
862,Urbana,6,15,59,Cajeme,970
863,Urbana,6,15,59,Cajeme,854
864,Urbana,6,15,59,Cajeme,844
865,Urbana,6,15,59,Cajeme,862
866,Urbana,6,17,59,Cajeme,1251
867,Urbana,6,17,59,Cajeme,972
868,Urbana,6,17,59,Cajeme,631
869,Urbana,6,15,59,Cajeme,766
870,Urbana,6,15,59,Cajeme,722
871,Urbana,6,15,59,Cajeme,991
872,Urbana,6,15,59,Cajeme,834
873,Urbana,6,15,59,Cajeme,813
874,Urbana,6,17,59,Cajeme,579
875,Urbana,6,17,59,Cajeme,1006
876,Urbana,6,17,59,Cajeme,671
877,Urbana,6,17,59,Cajeme,837
878,Urbana,6,17,59,Cajeme,624
879,Urbana,6,17,59,Cajeme,687
880,Urbana,6,15,59,Cajeme,889
881,Urbana,6,15,59,Cajeme,1121
882,Urbana,6,15,59,Cajeme,1142
883,Urbana,6,15,59,Cajeme,1497
884,Urbana,6,15,59,Cajeme,1571
885,Urbana,6,17,59,Cajeme,956
886,Urbana,6,17,59,Cajeme,768
887,Mixta,6,17,59,Cajeme,7221
888,Urbana,6,17,59,Cajeme,1986
889,Urbana,6,17,59,Cajeme,1225
890,Urbana,6,17,59,Cajeme,1059
891,Urbana,6,17,59,Cajeme,691
892,Urbana,6,17,59,Cajeme,748
893,Urbana,6,17,59,Cajeme,675
894,Urbana,6,15,59,Cajeme,1122
895,Urbana,6,15,59,Cajeme,774
896,Urbana,6,15,59,Cajeme,1205
897,Urbana,6,15,59,Cajeme,1041
898,Urbana,6,15,59,Cajeme,830
899,Urbana,6,15,59,Cajeme,972
900,Urbana,6,17,59,Cajeme,698
901,Urbana,6,17,59,Cajeme,5259
902,Urbana,6,15,59,Cajeme,844
903,Urbana,6,15,59,Cajeme,1459
904,Urbana,6,15,59,Cajeme,2115
905,Urbana,6,15,59,Cajeme,782
906,Urbana,6,17,59,Cajeme,1627
907,Urbana,6,17,59,Cajeme,2403
908,Urbana,6,17,59,Cajeme,1947
909,Urbana,6,17,59,Cajeme,1894
910,Urbana,6,17,59,Cajeme,4153
911,Urbana,6,15,59,Cajeme,4662
912,Urbana,6,15,59,Cajeme,4140
913,Urbana,6,17,59,Cajeme,1039
914,Urbana,6,17,59,Cajeme,919
915,Urbana,6,15,59,Cajeme,2689
916,Urbana,6,15,59,Cajeme,3761
917,Urbana,6,15,59,Cajeme,786
918,Urbana,6,17,59,Cajeme,671
919,Urbana,6,17,59,Cajeme,2411
920,Urbana,6,17,59,Cajeme,2270
921,Urbana,6,17,59,Cajeme,1020
922,Urbana,6,17,59,Cajeme,1153
923,Urbana,6,15,59,Cajeme,872
924,Urbana,6,15,59,Cajeme,1236
925,Urbana,6,15,59,Cajeme,922
926,Urbana,6,17,59,Cajeme,869
927,Urbana,6,17,59,Cajeme,835
928,Urbana,6,17,59,Cajeme,1481
929,Urbana,6,15,59,Cajeme,1024
930,Urbana,6,15,59,Cajeme,1196
931,Urbana,6,15,59,Cajeme,918
932,Urbana,6,15,59,Cajeme,937
933,Rural,6,16,59,Cajeme,345
934,Rural,6,16,59,Cajeme,457
935,Rural,6,16,59,Cajeme,681
936,Mixta,6,16,59,Cajeme,2099
937,Mixta,6,16,59,Cajeme,1540
938,Urbana,6,16,59,Cajeme,757
939,Urbana,6,16,59,Cajeme,1209
940,Urbana,6,16,59,Cajeme,1299
941,Mixta,6,16,59,Cajeme,801
942,Urbana,6,16,59,Cajeme,1433
943,Urbana,6,16,59,Cajeme,1156
944,Urbana,6,16,59,Cajeme,794
945,Urbana,6,16,59,Cajeme,2989
946,Urbana,6,16,59,Cajeme,791
947,Urbana,6,16,59,Cajeme,1248
948,Urbana,6,16,59,Cajeme,1171
949,Urbana,6,16,59,Cajeme,5348
950,Urbana,6,16,59,Cajeme,884
951,Urbana,6,16,59,Cajeme,13233
952,Rural,6,16,59,Cajeme,1536
953,Rural,6,16,59,Cajeme,473
954,Rural,6,16,59,Cajeme,1116
955,Rural,6,15,59,Cajeme,847
956,Mixta,6,17,59,Cajeme,11395
957,Urbana,6,17,59,Cajeme,1144
958,Urbana,6,17,59,Cajeme,1360
959,Urbana,6,17,59,Cajeme,1062
960,Rural,6,17,59,Cajeme,1115
961,Rural,6,17,59,Cajeme,1119
962,Rural,6,15,59,Cajeme,1047
963,Mixta,6,17,59,Cajeme,1029
964,Mixta,6,17,59,Cajeme,1572
965,Urbana,6,17,59,Cajeme,874
966,Mixta,6,15,59,Cajeme,2592
967,Mixta,6,15,59,Cajeme,1237
968,Rural,6,15,59,Cajeme,971
969,Urbana,6,15,59,Cajeme,902
970,Urbana,6,15,59,Cajeme,836
971,Urbana,6,15,59,Cajeme,1384
972,Rural,6,15,59,Cajeme,874
973,Urbana,6,15,59,Cajeme,1231
974,Urbana,6,15,59,Cajeme,1803
975,Urbana,6,15,59,Cajeme,1341
976,Mixta,6,15,59,Cajeme,1709
977,Urbana,6,15,59,Cajeme,1534
978,Urbana,6,15,59,Cajeme,1346
979,Urbana,6,15,59,Cajeme,802
980,Urbana,6,15,59,Cajeme,965
981,Urbana,6,15,59,Cajeme,783
982,Urbana,6,15,59,Cajeme,708
983,Mixta,6,15,59,Cajeme,1039
984,Rural,6,15,59,Cajeme,610
985,Mixta,6,15,59,Cajeme,521
986,Urbana,6,15,59,Cajeme,1046
987,Urbana,6,15,59,Cajeme,877
988,Rural,6,15,59,Cajeme,345
989,Rural,6,15,59,Cajeme,265
990,Rural,6,15,59,Cajeme,348
991,Rural,6,15,59,Cajeme,2095
992,Urbana,4,14,60,Empalme,1252
993,Urbana,4,14,60,Empalme,956
994,Urbana,4,14,60,Empalme,1324
995,Urbana,4,14,60,Empalme,1199
996,Urbana,4,14,60,Empalme,1368
997,Urbana,4,14,60,Empalme,1023
998,Mixta,4,14,60,Empalme,5067
999,Urbana,4,14,60,Empalme,3766
1000,Urbana,4,14,60,Empalme,1679
1001,Urbana,4,14,60,Empalme,1103
1002,Urbana,4,14,60,Empalme,803
1003,Urbana,4,14,60,Empalme,990
1004,Urbana,4,14,60,Empalme,1274
1005,Urbana,4,14,60,Empalme,556
1006,Urbana,4,14,60,Empalme,1265
1007,Urbana,4,14,60,Empalme,1081
1008,Urbana,4,14,60,Empalme,727
1009,Urbana,4,14,60,Empalme,804
1010,Urbana,4,14,60,Empalme,967
1011,Urbana,4,14,60,Empalme,965
1012,Urbana,4,14,60,Empalme,718
1013,Urbana,4,14,60,Empalme,1221
1014,Urbana,4,14,60,Empalme,1238
1015,Rural,4,14,60,Empalme,2282
1016,Rural,4,14,60,Empalme,1041
1017,Rural,4,14,60,Empalme,1898
1018,Rural,4,14,60,Empalme,536
1019,Rural,4,14,60,Empalme,344
1020,Rural,4,14,60,Empalme,1251
1021,Rural,4,14,60,Empalme,1224
1022,Urbana,4,13,61,Guaymas,5299
1024,Urbana,4,13,61,Guaymas,1010
1025,Urbana,4,13,61,Guaymas,630
1026,Urbana,4,13,61,Guaymas,742
1027,Urbana,4,13,61,Guaymas,811
1028,Urbana,4,13,61,Guaymas,1194
1029,Urbana,4,13,61,Guaymas,896
1030,Urbana,4,13,61,Guaymas,260
1031,Urbana,4,13,61,Guaymas,607
1032,Urbana,4,13,61,Guaymas,1200
1033,Urbana,4,13,61,Guaymas,632
1034,Urbana,4,13,61,Guaymas,1120
1035,Urbana,4,13,61,Guaymas,795
1036,Urbana,4,13,61,Guaymas,999
1037,Urbana,4,13,61,Guaymas,788
1038,Urbana,4,13,61,Guaymas,714
1039,Urbana,4,13,61,Guaymas,870
1040,Urbana,4,13,61,Guaymas,980
1041,Urbana,4,13,61,Guaymas,2448
1042,Urbana,4,13,61,Guaymas,1331
1043,Urbana,4,13,61,Guaymas,1836
1044,Urbana,4,13,61,Guaymas,2099
1045,Urbana,4,13,61,Guaymas,2667
1046,Urbana,4,13,61,Guaymas,929
1047,Urbana,4,13,61,Guaymas,1020
1048,Urbana,4,13,61,Guaymas,1143
1049,Urbana,4,13,61,Guaymas,688
1050,Urbana,4,13,61,Guaymas,615
1051,Urbana,4,13,61,Guaymas,1058
1052,Urbana,4,13,61,Guaymas,381
1053,Urbana,4,13,61,Guaymas,641
1054,Urbana,4,13,61,Guaymas,853
1055,Urbana,4,13,61,Guaymas,581
1056,Urbana,4,13,61,Guaymas,961
1057,Urbana,4,13,61,Guaymas,525
1058,Mixta,4,13,61,Guaymas,1655
1059,Urbana,4,13,61,Guaymas,2285
1060,Urbana,4,13,61,Guaymas,1084
1061,Urbana,4,13,61,Guaymas,661
1062,Urbana,4,13,61,Guaymas,843
1063,Urbana,4,13,61,Guaymas,525
1064,Urbana,4,13,61,Guaymas,1014
1065,Urbana,4,13,61,Guaymas,804
1066,Urbana,4,13,61,Guaymas,1248
1067,Urbana,4,13,61,Guaymas,978
1068,Urbana,4,13,61,Guaymas,1143
1069,Urbana,4,13,61,Guaymas,3268
1070,Urbana,4,13,61,Guaymas,999
1071,Urbana,4,13,61,Guaymas,974
1072,Urbana,4,13,61,Guaymas,1019
1073,Urbana,4,13,61,Guaymas,1300
1074,Urbana,4,13,61,Guaymas,628
1075,Urbana,4,13,61,Guaymas,1404
1076,Urbana,4,13,61,Guaymas,2305
1077,Urbana,4,13,61,Guaymas,59
1078,Mixta,4,13,61,Guaymas,1016
1079,Urbana,4,13,61,Guaymas,3059
1080,Urbana,4,13,61,Guaymas,799
1081,Mixta,4,13,61,Guaymas,968
1082,Rural,4,13,61,Guaymas,2414
1083,Rural,4,13,61,Guaymas,1559
1084,Rural,4,13,61,Guaymas,1020
1085,Rural,4,14,61,Guaymas,510
1087,Rural,4,14,61,Guaymas,492
1088,Rural,4,14,61,Guaymas,560
1089,Rural,4,14,61,Guaymas,1397
1090,Rural,4,13,61,Guaymas,2205
1091,Rural,4,14,61,Guaymas,1548
1092,Mixta,4,14,61,Guaymas,1356
1093,Mixta,4,14,61,Guaymas,1769
1094,Urbana,4,14,61,Guaymas,1300
1095,Urbana,4,14,61,Guaymas,1798
1096,Urbana,4,14,61,Guaymas,987
1097,Mixta,4,14,61,Guaymas,2501
1098,Urbana,4,14,61,Guaymas,2837
1099,Rural,4,14,61,Guaymas,1024
1100,Rural,4,14,61,Guaymas,1173
1101,Rural,4,14,72,San Ignacio Río Muerto,564
1102,Urbana,4,14,72,San Ignacio Río Muerto,2481
1103,Urbana,4,14,72,San Ignacio Río Muerto,859
1104,Urbana,4,14,72,San Ignacio Río Muerto,789
1105,Urbana,4,14,72,San Ignacio Río Muerto,1793
1106,Rural,4,14,72,San Ignacio Río Muerto,1108
1107,Rural,4,14,72,San Ignacio Río Muerto,2193
1108,Rural,4,14,72,San Ignacio Río Muerto,526
1109,Urbana,7,21,62,Alamos,4015
1110,Mixta,7,21,62,Alamos,1670
1111,Urbana,7,21,62,Alamos,1146
1112,Mixta,7,21,62,Alamos,1098
1113,Rural,7,21,62,Alamos,835
1114,Rural,7,21,62,Alamos,344
1115,Rural,7,21,62,Alamos,833
1116,Rural,7,21,62,Alamos,164
1117,Rural,7,21,62,Alamos,246
1118,Rural,7,21,62,Alamos,351
1119,Rural,7,21,62,Alamos,49
1120,Rural,7,21,62,Alamos,222
1121,Rural,7,21,62,Alamos,294
1122,Rural,7,21,62,Alamos,494
1123,Rural,7,21,62,Alamos,569
1124,Rural,7,21,62,Alamos,1164
1125,Rural,7,21,62,Alamos,554
1126,Rural,7,21,62,Alamos,130
1127,Rural,7,21,62,Alamos,159
1128,Rural,7,21,62,Alamos,281
1129,Rural,7,21,62,Alamos,147
1130,Rural,7,21,62,Alamos,843
1131,Rural,7,21,62,Alamos,739
1132,Rural,7,21,62,Alamos,329
1133,Rural,7,21,62,Alamos,507
1134,Rural,7,21,62,Alamos,481
1135,Rural,7,21,62,Alamos,478
1136,Rural,7,21,62,Alamos,265
1137,Rural,7,21,62,Alamos,549
1138,Urbana,7,20,63,Etchojoa,1732
1139,Urbana,7,20,63,Etchojoa,672
1140,Urbana,7,20,63,Etchojoa,1511
1141,Urbana,7,20,63,Etchojoa,1811
1142,Mixta,7,20,71,Benito Juárez,1236
1143,Rural,7,20,63,Etchojoa,276
1144,Rural,7,20,63,Etchojoa,188
1145,Urbana,7,20,63,Etchojoa,1082
1146,Rural,7,20,71,Benito Juárez,874
1147,Urbana,7,20,71,Benito Juárez,1822
1148,Urbana,7,20,71,Benito Juárez,1429
1149,Urbana,7,20,71,Benito Juárez,1029
1150,Urbana,7,20,71,Benito Juárez,1574
1151,Urbana,7,20,71,Benito Juárez,1422
1152,Urbana,7,20,71,Benito Juárez,1390
1153,Rural,7,20,63,Etchojoa,1019
1154,Rural,7,20,63,Etchojoa,197
1155,Rural,7,20,71,Benito Juárez,1497
1156,Rural,7,20,71,Benito Juárez,2386
1157,Rural,7,20,71,Benito Juárez,338
1158,Rural,7,20,63,Etchojoa,939
1159,Urbana,7,20,63,Etchojoa,1376
1160,Rural,7,20,63,Etchojoa,919
1161,Rural,7,20,63,Etchojoa,1216
1162,Rural,7,20,63,Etchojoa,980
1163,Rural,7,20,63,Etchojoa,1066
1164,Rural,7,20,63,Etchojoa,585
1165,Rural,7,20,63,Etchojoa,1182
1166,Rural,7,20,63,Etchojoa,1182
1167,Rural,7,20,63,Etchojoa,926
1168,Rural,7,20,63,Etchojoa,1347
1169,Rural,7,20,63,Etchojoa,571
1170,Urbana,7,20,63,Etchojoa,1067
1171,Urbana,7,20,63,Etchojoa,1349
1172,Urbana,7,20,63,Etchojoa,515
1173,Urbana,7,20,63,Etchojoa,282
1174,Urbana,7,20,63,Etchojoa,1761
1175,Rural,7,20,63,Etchojoa,565
1176,Rural,7,20,63,Etchojoa,860
1177,Urbana,7,20,63,Etchojoa,1375
1178,Urbana,7,20,63,Etchojoa,806
1179,Rural,7,20,63,Etchojoa,609
1180,Rural,7,20,63,Etchojoa,1313
1181,Rural,7,20,63,Etchojoa,2077
1182,Rural,7,20,63,Etchojoa,1308
1183,Rural,7,20,63,Etchojoa,1732
1184,Rural,7,20,63,Etchojoa,2111
1185,Urbana,7,20,63,Etchojoa,914
1186,Urbana,7,20,63,Etchojoa,1353
1187,Urbana,7,20,63,Etchojoa,1489
1188,Urbana,7,20,63,Etchojoa,1643
1189,Urbana,7,21,64,Huatabampo,1520
1190,Urbana,7,21,64,Huatabampo,2671
1191,Urbana,7,21,64,Huatabampo,913
1192,Urbana,7,21,64,Huatabampo,1140
1193,Urbana,7,21,64,Huatabampo,872
1194,Urbana,7,21,64,Huatabampo,916
1195,Urbana,7,21,64,Huatabampo,3233
1196,Urbana,7,21,64,Huatabampo,537
1197,Urbana,7,21,64,Huatabampo,1301
1198,Urbana,7,21,64,Huatabampo,890
1199,Urbana,7,21,64,Huatabampo,1867
1200,Urbana,7,21,64,Huatabampo,558
1201,Urbana,7,21,64,Huatabampo,1698
1202,Urbana,7,21,64,Huatabampo,1178
1203,Mixta,7,21,64,Huatabampo,3144
1204,Rural,7,21,64,Huatabampo,788
1205,Rural,7,21,64,Huatabampo,1196
1206,Rural,7,21,64,Huatabampo,1262
1207,Rural,7,21,64,Huatabampo,1087
1208,Rural,7,21,64,Huatabampo,1233
1209,Rural,7,21,64,Huatabampo,1548
1210,Rural,7,21,64,Huatabampo,1175
1211,Urbana,7,21,64,Huatabampo,1883
1212,Urbana,7,21,64,Huatabampo,1772
1213,Rural,7,21,64,Huatabampo,1503
1214,Rural,7,21,64,Huatabampo,1014
1215,Rural,7,21,64,Huatabampo,1496
1216,Rural,7,21,64,Huatabampo,2376
1217,Rural,7,21,64,Huatabampo,2099
1218,Rural,7,21,64,Huatabampo,2329
1219,Rural,7,21,64,Huatabampo,962
1220,Urbana,7,21,64,Huatabampo,1425
1221,Urbana,7,21,64,Huatabampo,1292
1222,Rural,7,21,64,Huatabampo,1162
1223,Rural,7,21,64,Huatabampo,621
1224,Rural,7,21,64,Huatabampo,943
1225,Rural,7,21,64,Huatabampo,1207
1226,Rural,7,21,64,Huatabampo,1247
1227,Rural,7,21,64,Huatabampo,348
1228,Rural,7,21,64,Huatabampo,1922
1229,Urbana,7,21,64,Huatabampo,1674
1230,Urbana,7,19,65,Navojoa,2362
1231,Urbana,7,19,65,Navojoa,801
1232,Urbana,7,19,65,Navojoa,1194
1233,Urbana,7,19,65,Navojoa,777
1234,Urbana,7,19,65,Navojoa,1255
1235,Urbana,7,19,65,Navojoa,1050
1236,Urbana,7,19,65,Navojoa,1477
1237,Urbana,7,19,65,Navojoa,1242
1238,Urbana,7,19,65,Navojoa,1043
1239,Urbana,7,19,65,Navojoa,1527
1240,Urbana,7,19,65,Navojoa,281
1241,Urbana,7,19,65,Navojoa,364
1242,Urbana,7,19,65,Navojoa,546
1243,Urbana,7,19,65,Navojoa,2283
1244,Urbana,7,19,65,Navojoa,1493
1245,Urbana,7,19,65,Navojoa,873
1246,Urbana,7,19,65,Navojoa,1112
1247,Urbana,7,19,65,Navojoa,1136
1248,Urbana,7,19,65,Navojoa,516
1249,Urbana,7,19,65,Navojoa,1079
1250,Urbana,7,19,65,Navojoa,891
1251,Urbana,7,19,65,Navojoa,4177
1252,Urbana,7,19,65,Navojoa,2477
1253,Urbana,7,19,65,Navojoa,1498
1254,Urbana,7,19,65,Navojoa,1302
1255,Urbana,7,19,65,Navojoa,944
1256,Urbana,7,19,65,Navojoa,1352
1257,Urbana,7,19,65,Navojoa,1549
1258,Urbana,7,19,65,Navojoa,1258
1259,Urbana,7,19,65,Navojoa,2799
1260,Urbana,7,19,65,Navojoa,4375
1261,Urbana,7,19,65,Navojoa,5835
1262,Urbana,7,19,65,Navojoa,1168
1263,Urbana,7,19,65,Navojoa,2483
1264,Urbana,7,19,65,Navojoa,3491
1265,Urbana,7,19,65,Navojoa,2638
1266,Urbana,7,19,65,Navojoa,1223
1267,Mixta,7,19,65,Navojoa,4479
1268,Urbana,7,19,65,Navojoa,1863
1269,Urbana,7,19,65,Navojoa,1717
1270,Rural,7,20,65,Navojoa,1620
1271,Rural,7,20,65,Navojoa,1216
1272,Rural,7,20,65,Navojoa,479
1273,Rural,7,19,65,Navojoa,531
1274,Rural,7,19,65,Navojoa,329
1275,Rural,7,20,65,Navojoa,777
1276,Rural,7,20,65,Navojoa,955
1277,Rural,7,20,65,Navojoa,1567
1278,Rural,7,20,65,Navojoa,1856
1279,Rural,7,19,65,Navojoa,1411
1280,Rural,7,19,65,Navojoa,1261
1281,Rural,7,19,65,Navojoa,508
1282,Rural,7,19,65,Navojoa,1190
1283,Rural,7,19,65,Navojoa,1097
1284,Rural,7,19,65,Navojoa,1802
1285,Rural,7,20,65,Navojoa,967
1286,Rural,7,20,65,Navojoa,1591
1287,Rural,7,19,65,Navojoa,1236
1288,Rural,7,19,65,Navojoa,1455
1289,Rural,7,19,65,Navojoa,3844
1290,Urbana,7,20,65,Navojoa,1325
1291,Urbana,7,20,65,Navojoa,2736
1292,Rural,7,20,65,Navojoa,1668
1293,Rural,7,20,65,Navojoa,1542
1294,Rural,7,20,65,Navojoa,1022
1295,Rural,7,20,65,Navojoa,1161
1296,Rural,7,20,65,Navojoa,1012
1297,Rural,7,20,65,Navojoa,1798
1298,Rural,7,20,65,Navojoa,1085
1299,Rural,7,20,65,Navojoa,488
1300,Rural,7,20,65,Navojoa,1988
1301,Rural,7,20,65,Navojoa,436
1302,Urbana,7,19,65,Navojoa,671
1303,Urbana,7,19,65,Navojoa,6399
1304,Urbana,7,19,65,Navojoa,878
1305,Urbana,7,19,65,Navojoa,642
1306,Mixta,4,21,66,Onavas,738
1307,Mixta,7,21,67,Quiriego,1665
1308,Rural,7,21,67,Quiriego,1068
1309,Rural,7,21,67,Quiriego,470
1310,Urbana,7,21,68,Rosario,1478
1311,Mixta,7,21,68,Rosario,1703
1312,Rural,7,21,68,Rosario,87
1313,Rural,7,21,68,Rosario,210
1314,Rural,7,21,68,Rosario,799
1315,Rural,7,21,68,Rosario,308
1316,Mixta,4,21,69,Yécora,831
1317,Mixta,4,21,69,Yécora,1663
1318,Rural,4,21,69,Yécora,254
1319,Rural,4,21,69,Yécora,708
1320,Rural,4,21,69,Yécora,463
1321,Rural,4,21,69,Yécora,266
1322,Rural,4,21,69,Yécora,108
1323,Urbana,1,3,70,General Plutarco Elías Calles,1850
1324,Mixta,1,3,70,General Plutarco Elías Calles,1877
1325,Urbana,1,3,70,General Plutarco Elías Calles,1410
1326,Urbana,1,3,70,General Plutarco Elías Calles,1920
1327,Urbana,1,3,70,General Plutarco Elías Calles,761
1328,Urbana,1,3,70,General Plutarco Elías Calles,343
1329,Urbana,1,3,70,General Plutarco Elías Calles,1154
1330,Urbana,1,3,70,General Plutarco Elías Calles,603
1331,Rural,7,20,71,Benito Juárez,611
1332,Urbana,3,8,49,Hermosillo,17599
1333,Urbana,3,8,49,Hermosillo,2150
1334,Urbana,3,8,49,Hermosillo,1331
1335,Urbana,3,8,49,Hermosillo,1547
1336,Urbana,3,8,49,Hermosillo,1493
1337,Urbana,3,8,49,Hermosillo,1199
1338,Urbana,3,8,49,Hermosillo,1568
1339,Urbana,3,8,49,Hermosillo,1545
1340,Urbana,3,8,49,Hermosillo,1412
1341,Urbana,3,8,49,Hermosillo,1152
1342,Urbana,3,8,49,Hermosillo,1188
1343,Urbana,3,8,49,Hermosillo,2368
1344,Urbana,3,8,49,Hermosillo,1217
1345,Urbana,3,8,49,Hermosillo,1006
1346,Urbana,3,8,49,Hermosillo,1811
1347,Urbana,3,8,49,Hermosillo,966
1348,Urbana,3,8,49,Hermosillo,1188
1349,Urbana,3,8,49,Hermosillo,1081
1350,Urbana,3,8,49,Hermosillo,1210
1351,Urbana,3,8,49,Hermosillo,1134
1352,Urbana,3,8,49,Hermosillo,1339
1353,Urbana,3,8,49,Hermosillo,1238
1354,Urbana,3,8,49,Hermosillo,1337
1355,Urbana,3,8,49,Hermosillo,1481
1356,Urbana,3,8,49,Hermosillo,1304
1357,Urbana,3,8,49,Hermosillo,1247
1358,Urbana,3,8,49,Hermosillo,1112
1359,Urbana,3,8,49,Hermosillo,1226
1360,Urbana,3,8,49,Hermosillo,1000
1361,Urbana,3,9,49,Hermosillo,1039
1362,Mixta,1,3,3,Altar,500
1363,Urbana,1,3,3,Altar,836
1364,Urbana,1,3,3,Altar,781
1365,Urbana,1,3,3,Altar,671
1366,Mixta,1,3,52,Pitiquito,791
1367,Urbana,1,3,52,Pitiquito,824
1368,Urbana,2,5,30,Nogales,631
1369,Urbana,2,5,30,Nogales,518
1370,Urbana,2,5,30,Nogales,752
1371,Urbana,2,5,30,Nogales,554
1372,Urbana,2,5,30,Nogales,686
1373,Urbana,2,5,30,Nogales,1159
1374,Urbana,2,5,30,Nogales,387
1375,Urbana,2,5,30,Nogales,604
1376,Urbana,2,5,30,Nogales,1156
1377,Urbana,2,5,30,Nogales,1459
1378,Urbana,2,4,30,Nogales,1276
1379,Urbana,2,4,30,Nogales,732
1380,Urbana,2,4,30,Nogales,531
1381,Urbana,2,4,30,Nogales,576
1382,Urbana,2,4,30,Nogales,683
1383,Urbana,2,4,30,Nogales,521
1384,Urbana,2,4,30,Nogales,1030
1385,Urbana,2,4,30,Nogales,1625
1386,Urbana,2,4,30,Nogales,1478
1387,Urbana,2,4,30,Nogales,1208
1388,Urbana,2,4,30,Nogales,674
1389,Urbana,2,4,30,Nogales,1034
1390,Urbana,2,4,30,Nogales,387
1391,Urbana,2,4,30,Nogales,772
1392,Urbana,2,4,30,Nogales,493
1393,Urbana,2,4,30,Nogales,512
1394,Urbana,2,4,30,Nogales,533
1395,Urbana,2,4,30,Nogales,258
1396,Urbana,5,6,49,Hermosillo,542
1397,Urbana,5,6,49,Hermosillo,768
1398,Urbana,5,6,49,Hermosillo,1439
1399,Urbana,5,6,49,Hermosillo,597
1400,Urbana,5,6,49,Hermosillo,1680
1401,Urbana,5,6,49,Hermosillo,562
1402,Urbana,5,6,49,Hermosillo,885
1403,Urbana,5,6,49,Hermosillo,1772
1404,Urbana,5,6,49,Hermosillo,1521
1405,Rural,5,6,49,Hermosillo,1841
1406,Mixta,5,11,49,Hermosillo,1791
1407,Rural,5,11,49,Hermosillo,310
1408,Mixta,2,4,30,Nogales,1200
1409,Mixta,2,4,30,Nogales,4409
1410,Urbana,2,4,30,Nogales,5992
1411,Urbana,2,4,30,Nogales,484
1412,Urbana,2,4,30,Nogales,642
1413,Urbana,2,4,30,Nogales,532
1414,Urbana,2,4,30,Nogales,731
1415,Urbana,2,4,30,Nogales,759
1416,Urbana,2,4,30,Nogales,1263
1417,Urbana,2,4,30,Nogales,620
1418,Urbana,2,4,30,Nogales,673
1419,Urbana,2,4,30,Nogales,607
1420,Urbana,2,4,30,Nogales,718
1421,Urbana,2,4,30,Nogales,487
1422,Urbana,2,4,30,Nogales,432
1423,Urbana,2,4,30,Nogales,375
1424,Urbana,2,4,30,Nogales,510
1425,Urbana,2,4,30,Nogales,428
1426,Urbana,2,4,30,Nogales,288
1427,Urbana,2,4,30,Nogales,440
1428,Urbana,2,4,30,Nogales,381
1429,Urbana,2,4,30,Nogales,680
1430,Urbana,2,4,30,Nogales,597
1431,Urbana,2,4,30,Nogales,422
1432,Urbana,2,4,30,Nogales,718
1433,Urbana,2,4,30,Nogales,410
1434,Urbana,2,4,30,Nogales,536
1435,Urbana,2,4,30,Nogales,395
1436,Urbana,2,4,30,Nogales,627
1437,Urbana,2,4,30,Nogales,570
1438,Mixta,2,4,30,Nogales,2648
1439,Urbana,2,4,30,Nogales,2320
1440,Urbana,2,4,30,Nogales,815
1441,Urbana,2,4,30,Nogales,1474
1442,Mixta,3,11,49,Hermosillo,2968
1443,Mixta,3,11,49,Hermosillo,2322
1444,Mixta,3,8,49,Hermosillo,2356
1445,Urbana,3,8,49,Hermosillo,413
1446,Urbana,3,8,49,Hermosillo,508
1447,Urbana,3,8,49,Hermosillo,417
1448,Urbana,3,8,49,Hermosillo,466
1449,Urbana,3,8,49,Hermosillo,340
1450,Urbana,3,8,49,Hermosillo,181
1451,Urbana,3,8,49,Hermosillo,359
1452,Urbana,3,8,49,Hermosillo,395
1453,Urbana,3,8,49,Hermosillo,309
1454,Urbana,3,8,49,Hermosillo,419
1455,Urbana,3,8,49,Hermosillo,463
1456,Urbana,3,8,49,Hermosillo,1397
1457,Urbana,3,8,49,Hermosillo,1003
1458,Urbana,3,8,49,Hermosillo,517
1459,Urbana,3,8,49,Hermosillo,362
1460,Urbana,3,8,49,Hermosillo,393
1461,Urbana,3,8,49,Hermosillo,463
1462,Urbana,3,8,49,Hermosillo,373
1463,Urbana,3,8,49,Hermosillo,383
1464,Urbana,3,8,49,Hermosillo,413
1465,Urbana,3,8,49,Hermosillo,282
1466,Urbana,3,8,49,Hermosillo,417
1467,Urbana,3,8,49,Hermosillo,373
1468,Urbana,3,8,49,Hermosillo,531
1469,Urbana,3,8,49,Hermosillo,588
1470,Urbana,3,8,49,Hermosillo,789
1471,Urbana,3,8,49,Hermosillo,446
1472,Urbana,3,8,49,Hermosillo,448
1473,Urbana,3,8,49,Hermosillo,502
1474,Urbana,3,8,49,Hermosillo,578
1475,Urbana,3,8,49,Hermosillo,213
1476,Urbana,3,8,49,Hermosillo,273
1477,Urbana,3,8,49,Hermosillo,399
1478,Urbana,3,8,49,Hermosillo,463
1479,Urbana,3,11,49,Hermosillo,886
1480,Urbana,3,8,49,Hermosillo,411
1481,Urbana,3,11,49,Hermosillo,676
1482,Urbana,3,8,49,Hermosillo,427
1483,Urbana,3,11,49,Hermosillo,551
1484,Urbana,3,11,49,Hermosillo,771
1485,Urbana,3,11,49,Hermosillo,342
1486,Urbana,3,11,49,Hermosillo,343
1487,Urbana,3,11,49,Hermosillo,497
1488,Urbana,3,11,49,Hermosillo,603
1489,Urbana,3,11,49,Hermosillo,352
1490,Urbana,3,11,49,Hermosillo,311
1491,Urbana,3,11,49,Hermosillo,486
1492,Urbana,3,11,49,Hermosillo,747
1493,Urbana,3,11,49,Hermosillo,559
1494,Urbana,3,11,49,Hermosillo,520
1495,Urbana,3,11,49,Hermosillo,728
1496,Urbana,3,11,49,Hermosillo,674
1497,Urbana,3,11,49,Hermosillo,763
1498,Urbana,3,11,49,Hermosillo,613
1499,Urbana,3,11,49,Hermosillo,258
1500,Urbana,3,11,49,Hermosillo,520
1501,Urbana,3,11,49,Hermosillo,842
1502,Urbana,3,11,49,Hermosillo,334
1503,Urbana,3,11,49,Hermosillo,364
1504,Urbana,3,11,49,Hermosillo,909
1505,Mixta,3,9,49,Hermosillo,269
1506,Rural,3,9,49,Hermosillo,210
1507,Urbana,3,9,49,Hermosillo,643
1508,Urbana,3,9,49,Hermosillo,371
1509,Urbana,3,11,49,Hermosillo,1116
1510,Urbana,3,9,49,Hermosillo,1060
1511,Urbana,3,9,49,Hermosillo,549
1512,Urbana,3,6,49,Hermosillo,345
1513,Urbana,3,11,49,Hermosillo,901
1514,Urbana,3,11,49,Hermosillo,1009
1515,Urbana,4,13,61,Guaymas,1653
1516,Urbana,4,13,61,Guaymas,1444
1517,Urbana,4,13,61,Guaymas,1002
1518,Urbana,4,13,61,Guaymas,1507
1519,Urbana,4,13,61,Guaymas,1473
1520,Urbana,4,13,61,Guaymas,830
1521,Urbana,4,13,61,Guaymas,1957
1522,Urbana,4,13,61,Guaymas,1074
1523,Urbana,4,13,61,Guaymas,2233
1524,Urbana,4,13,61,Guaymas,1296
1525,Urbana,4,13,61,Guaymas,1201
1526,Urbana,4,13,61,Guaymas,1245
1527,Urbana,4,13,61,Guaymas,890
1528,Urbana,4,13,61,Guaymas,1110
1529,Urbana,5,12,49,Hermosillo,735
1530,Urbana,5,12,49,Hermosillo,1061
1531,Urbana,5,11,49,Hermosillo,746
1532,Urbana,5,12,49,Hermosillo,972
1533,Urbana,5,11,49,Hermosillo,895
1534,Urbana,5,11,49,Hermosillo,1005
1535,Urbana,5,11,49,Hermosillo,844
1536,Urbana,5,11,49,Hermosillo,1039
1537,Urbana,5,11,49,Hermosillo,1148
1538,Urbana,5,11,49,Hermosillo,1047
1539,Urbana,5,11,49,Hermosillo,1303
1540,Urbana,5,12,49,Hermosillo,756
1541,Urbana,5,11,49,Hermosillo,1068
1542,Urbana,5,11,49,Hermosillo,1270
1543,Urbana,5,11,49,Hermosillo,1121
1544,Urbana,5,11,49,Hermosillo,996
1545,Urbana,5,11,49,Hermosillo,1256
1546,Urbana,5,11,49,Hermosillo,887
1547,Urbana,5,11,49,Hermosillo,984
1548,Urbana,5,12,49,Hermosillo,2016
1549,Urbana,5,12,49,Hermosillo,1263
1550,Urbana,5,12,49,Hermosillo,1847
1551,Urbana,5,12,49,Hermosillo,2252
1552,Urbana,5,11,49,Hermosillo,1831
1553,Urbana,5,12,49,Hermosillo,1238
1554,Urbana,5,11,49,Hermosillo,1530
1555,Urbana,5,12,49,Hermosillo,2369
1556,Urbana,5,12,49,Hermosillo,1636
